Designator,Mid X,Mid Y,Layer,Rotation
J3,4,-8,bottom,180
J4,23,-8,bottom,180
C1,10.7,-5.4,top,0
C3,20.287929,-8.096565,top,0
C4,20.287929,-6.096565,top,0
C5,14.7,-9.2,top,90
C9,14.9,-11,top,180
L1,15.3,-4.1,top,0
R1,11,-12,top,90
R2,12,-12,top,270
R5,16.83,-11,top,0
R6,14.9,-12,top,180
R7,14.9,-13,top,0
U1,11.74,-8.85,top,0
